{
  "project_info": {
    "project_number": "1065802282389",
    "firebase_url": "https://crazydriver-3c465.firebaseio.com",
    "project_id": "crazydriver-3c465",
    "storage_bucket": "crazydriver-3c465.appspot.com"
  },
  "client": [
    {
      "client_info": {
        "mobilesdk_app_id": "1:1065802282389:android:bd5a03a1acee053655329c",
        "android_client_info": {
          "package_name": "com.drivequeen.driver"
        }
      },
      "oauth_client": [
        {
          "client_id": "1065802282389-bl540qsr4qe5o5ncfjs4tf71jgarb3t3.apps.googleusercontent.com",
          "client_type": 3
        }
      ],
      "api_key": [
        {
          "current_key": "AIzaSyBeKiPFwRS5B4K_4FrxjmcDxOzvKk11m1E"
        }
      ],
      "services": {
        "appinvite_service": {
          "other_platform_oauth_client": [
            {
              "client_id": "1065802282389-bl540qsr4qe5o5ncfjs4tf71jgarb3t3.apps.googleusercontent.com",
              "client_type": 3
            }
          ]
        }
      }
    }
  ],
  "configuration_version": "1"
}