<selector xmlns:android="http://schemas.android.com/apk/res/android">

    <item>
        <layer-list>
            <item>
                <shape>

                    <stroke android:width="1dp" android:color="#000000" />

                    <corners android:radius="2dp" />

                    <padding android:right="@dimen/_10sdp" />

                </shape>
            </item>
            <item>
                <bitmap android:gravity="center|right"

                    android:src="@drawable/down_arrow_black" />
            </item>
        </layer-list>
    </item>

</selector>
